Label,# Samples,Average,Min,Max,Std. Dev.,Error %,Throughput,Received KB/sec,Sent KB/sec,Avg. Bytes
Login Page,1000,235,213,581,30.04,0.000%,1.97916,18.39,0.25,9517.3
Login Credentials,1000,510,201,3394,214.51,0.000%,1.97928,68.06,0.60,35213.1
Navigate UI,1000,302,134,726,115.13,0.000%,1.97973,36.55,0.85,18904.9
Accom Rep GET,1000,8042,1872,17173,2841.39,0.000%,1.97297,30.98,0.96,16079.6
TOTAL,4000,2272,134,17173,3625.22,0.000%,7.88034,153.36,2.65,19928.7
