Label,# Samples,Average,Min,Max,Std. Dev.,Error %,Throughput,Received KB/sec,Sent KB/sec,Avg. Bytes
Login Page,2000,242,214,872,38.78,0.000%,1.82033,16.92,0.23,9517.2
Login Credentials,2000,618,200,2656,327.86,0.050%,1.82043,62.59,0.55,35206.1
Navigate UI,2000,320,136,1547,164.72,0.000%,1.82075,33.61,0.78,18905.2
Accom Rep GET,2000,19464,1883,37637,6767.88,0.000%,1.81448,28.49,0.88,16079.7
TOTAL,8000,5161,136,37637,8927.44,0.013%,7.25263,141.14,2.44,19927.0
