Label,# Samples,Average,Min,Max,Std. Dev.,Error %,Throughput,Received KB/sec,Sent KB/sec,Avg. Bytes
Login Page,500,229,213,479,31.24,0.000%,1.62656,15.12,0.21,9517.2
Login Credentials,500,388,201,864,136.09,0.000%,1.62694,55.95,0.49,35212.8
Navigate UI,500,248,136,727,88.95,0.000%,1.63039,30.10,0.70,18905.2
Accom Rep GET,500,4383,1822,11154,1609.71,0.000%,1.62191,25.47,0.79,16079.5
TOTAL,2000,1312,136,11154,1950.11,0.000%,6.46014,125.72,2.18,19928.7
