Label,# Samples,Average,Median,90% Line,95% Line,99% Line,Min,Max,Error %,Throughput,Received KB/sec,Sent KB/sec
Login Page,500,211,194,320,355,559,83,783,0.000%,1.99425,21.75,0.26
Login Credentials,500,580,504,974,1130,1714,176,2220,0.000%,1.99445,75.64,0.61
Navigate UI,500,321,269,624,737,958,110,1096,0.000%,1.99606,37.53,0.87
Accom Rep GET,500,22441,24374,33685,34285,35153,1696,35933,0.000%,1.97917,31.75,0.97
TOTAL,2000,5888,375,29063,32270,34461,83,35933,0.000%,7.89313,165.11,2.68
