Label,# Samples,Average,Median,90% Line,95% Line,99% Line,Min,Max,Error %,Throughput,Received KB/sec,Sent KB/sec
Login Page,250,155,132,258,286,362,86,478,0.000%,2.20262,24.03,0.28
Login Credentials,250,486,442,750,844,1626,183,1835,0.000%,2.20521,83.63,0.67
Navigate UI,250,265,220,434,481,895,110,953,0.000%,2.21958,41.73,0.96
Accom Rep GET,250,9322,8838,15088,16279,18334,1454,21088,0.000%,2.19846,35.27,1.08
TOTAL,1000,2557,334,9714,13146,16331,86,21088,0.000%,8.66363,181.23,2.94
