Label,# Samples,Average,Median,90% Line,95% Line,99% Line,Min,Max,Error %,Throughput,Received KB/sec,Sent KB/sec
Login Page,750,167,142,277,318,402,84,482,0.000%,2.83698,30.94,0.36
Login Credentials,750,733,532,1523,1912,2451,208,2864,0.000%,2.83766,107.62,0.87
Navigate UI,750,330,253,645,778,965,112,1301,0.000%,2.84120,53.42,1.23
Accom Rep GET,750,24101,24268,30622,32763,38049,2753,41683,0.000%,2.79815,44.89,1.37
TOTAL,3000,6333,398,25419,28142,33144,84,41683,0.000%,11.15287,233.30,3.79
