Label,# Samples,Average,Min,Max,Std. Dev.,Error %,Throughput,Received KB/sec,Sent KB/sec,Avg. Bytes
Login Page,384,258,214,1676,109.85,0.000%,2.43740,22.34,0.31,9386.2
Login Credentials,384,535,205,1808,263.45,0.000%,2.42547,82.02,0.73,34626.2
Navigate UI,384,379,148,1607,217.92,0.000%,2.40620,43.13,1.04,18355.1
RepGET,376,4767,3123,7902,964.73,0.000%,2.42466,10835.29,1.48,4576028.5
TOTAL,1528,1468,148,7902,1955.51,0.000%,9.53683,10633.11,3.49,1141711.9
