Label,# Samples,Average,Min,Max,Std. Dev.,Error %,Throughput,Received KB/sec,Sent KB/sec,Avg. Bytes
Login Page,384,480,214,45150,2481.50,0.000%,1.22957,11.27,0.16,9386.1
Login Credentials,384,813,202,48900,3714.43,0.000%,1.22971,41.58,0.37,34626.1
Navigate UI,384,719,138,60941,3650.76,0.260%,1.23002,22.00,0.53,18317.7
RepGET,374,5524,3179,59950,8006.91,1.604%,1.20170,5284.01,0.73,4502628.3
TOTAL,1526,1860,138,60941,5334.82,0.459%,4.87691,5330.37,1.78,1119212.1
