Label,# Samples,Average,Median,90% Line,95% Line,99% Line,Min,Max,Error %,Throughput,Received KB/sec,Sent KB/sec
Login Page,2500,132,110,221,285,370,74,868,0.000%,22.21867,244.25,2.84
Login Credentials,2500,600,589,927,1021,1157,154,1346,0.040%,22.23487,845.72,6.80
Locations Internal APIs,2500,406,415,571,644,785,81,1058,0.120%,22.27052,86.28,8.81
TOTAL,7500,380,363,750,869,1080,74,1346,0.053%,66.42164,1171.30,18.36
