Label,# Samples,Average,Median,90% Line,95% Line,99% Line,Min,Max,Error %,Throughput,Received KB/sec,Sent KB/sec
Login Page,500,139,95,278,311,447,75,546,0.000%,28.04892,308.36,3.59
Login Credentials,500,465,351,873,1032,1383,167,1718,0.000%,28.21830,1073.73,8.63
Locations Internal APIs,500,313,254,522,683,1129,105,1348,0.000%,28.34628,109.92,11.21
TOTAL,1500,306,250,597,812,1251,75,1718,0.000%,82.44023,1454.31,22.78
