Label,# Samples,Average,Median,90% Line,95% Line,99% Line,Min,Max,Error %,Throughput,Received KB/sec,Sent KB/sec
Login Page,750,199,113,378,598,1327,73,1727,0.000%,34.95200,384.25,4.47
Login Credentials,750,650,572,1192,1374,1837,178,2270,0.000%,35.12223,1336.44,10.74
Locations Internal APIs,750,444,407,676,899,1364,106,1570,0.000%,35.38403,137.22,13.99
TOTAL,2250,431,379,872,1124,1531,73,2270,0.000%,103.32002,1822.66,28.55
