Label,# Samples,Average,Median,90% Line,95% Line,99% Line,Min,Max,Error %,Throughput,Received KB/sec,Sent KB/sec
Login Page,2500,102,84,121,278,291,75,548,0.000%,8.89398,97.77,1.14
Login Credentials,2500,301,295,382,413,535,159,694,0.000%,8.89746,338.56,2.72
Sessions Internal APIs,2500,4107,3831,5491,5621,5846,1571,6213,0.000%,8.85514,12252.32,3.49
TOTAL,7500,1504,296,5081,5393,5711,75,6213,0.000%,26.50860,12659.48,7.32
