Label,# Samples,Average,Median,90% Line,95% Line,99% Line,Min,Max,Error %,Throughput,Received KB/sec,Sent KB/sec
Login Page,500,315,279,538,647,862,87,1478,0.000%,5.31502,58.43,0.68
Login Credentials,500,1485,1407,1929,2169,3668,504,4637,0.000%,5.26954,200.51,1.61
Sessions Internal APIs,500,7448,7011,9300,10299,11267,4193,12053,0.000%,5.28770,7316.21,2.09
TOTAL,1500,3083,1409,8093,8991,10740,87,12053,0.000%,15.09282,7207.69,4.17
