Label,# Samples,Average,Median,90% Line,95% Line,99% Line,Min,Max,Error %,Throughput,Received KB/sec,Sent KB/sec
Login Page,250,107,83,273,276,301,77,350,0.000%,5.26948,57.93,0.67
Login Credentials,250,279,270,328,346,408,215,563,0.000%,5.28463,201.08,1.62
Sessions Internal APIs,250,3761,3795,4071,4144,4254,3008,4306,0.000%,4.98962,6903.84,1.97
TOTAL,750,1383,276,3916,4028,4198,77,4306,0.000%,14.78153,7059.09,4.08
