Label,# Samples,Average,Median,90% Line,95% Line,99% Line,Min,Max,Error %,Throughput,Received KB/sec,Sent KB/sec
Login Page,750,334,252,617,893,1960,75,3358,0.000%,6.95326,76.44,0.89
Login Credentials,750,1547,1418,2355,3123,10131,165,11989,0.000%,6.96023,264.85,2.13
Sessions Internal APIs,750,7574,8376,11499,12406,13833,1693,14929,0.000%,6.84413,9469.44,2.70
TOTAL,2250,3152,1462,9178,10772,13121,75,14929,0.000%,20.42799,9755.25,5.64
