Label,# Samples,Average,Median,90% Line,95% Line,99% Line,Min,Max,Error %,Throughput,Received KB/sec,Sent KB/sec
Login Page,250,162,129,276,308,414,85,501,0.000%,4.57783,49.93,0.59
Login Credentials,250,658,619,1021,1265,1689,172,1767,0.000%,4.58968,174.06,1.40
Navigate UI,250,287,260,475,533,657,109,684,0.000%,4.61025,86.68,2.00
RepGET,250,3605,3392,5646,6084,7140,1041,7520,0.000%,4.52047,20190.36,2.77
TOTAL,1000,1178,394,3808,4935,6348,85,7520,0.000%,17.73773,20106.00,6.57
