Label,# Samples,Average,Median,90% Line,95% Line,99% Line,Min,Max,Error %,Throughput,Received KB/sec,Sent KB/sec
Login Page,500,299,173,462,976,2365,82,5828,0.000%,4.68727,51.13,0.60
Login Credentials,500,1179,1018,1923,2359,5042,213,6594,0.000%,4.68252,177.58,1.43
Navigate UI,500,522,435,772,974,3989,125,4445,0.000%,4.68573,88.10,2.04
RepGET,500,7642,8000,11447,12152,17673,1252,18877,0.000%,4.61975,20633.34,2.83
TOTAL,2000,2411,690,8864,10268,12415,82,18877,0.000%,18.36480,20816.35,6.80
