Label,# Samples,Average,Min,Max,Std. Dev.,Error %,Throughput,Received KB/sec,Sent KB/sec,Avg. Bytes
Login Page,1000,282,212,1950,180.84,0.000%,3.52223,32.29,0.45,9386.2
Login Credentials,1000,563,201,2285,287.59,0.000%,3.52357,119.15,1.06,34626.1
Navigate UI,1000,394,133,1780,201.23,0.000%,3.52558,63.20,1.52,18355.3
Reg Report GET,1000,3362,2173,6306,719.00,0.000%,3.49961,10362.04,2.24,3031973.0
TOTAL,4000,1150,133,6306,1344.85,0.000%,13.95961,10545.85,5.23,773585.2
