Label,# Samples,Average,Min,Max,Std. Dev.,Error %,Throughput,Received KB/sec,Sent KB/sec,Avg. Bytes
Login Page,2000,445,213,8425,574.28,0.000%,3.81074,35.00,0.49,9405.4
Login Credentials,2000,1004,202,8774,639.18,0.100%,3.81122,128.83,1.15,34613.0
Navigate UI,2000,862,141,7863,592.32,0.000%,3.82248,68.53,1.65,18358.4
Reg Report GET,2000,6997,740,18334,3598.58,0.000%,3.80590,11252.14,2.43,3027457.1
TOTAL,8000,2327,141,18334,3289.49,0.025%,15.16151,11437.14,5.68,772458.5
