Label,# Samples,Average,Min,Max,Std. Dev.,Error %,Throughput,Received KB/sec,Sent KB/sec,Avg. Bytes
Login Page,500,229,213,826,40.95,0.000%,2.30370,21.12,0.29,9386.0
Login Credentials,500,304,200,1561,113.38,0.000%,2.30458,77.93,0.70,34626.3
Navigate UI,500,205,134,1454,101.57,0.000%,2.30854,41.38,0.99,18355.3
Reg Report GET,500,2582,2169,4142,299.42,0.000%,2.28641,6769.87,1.46,3031973.1
TOTAL,2000,830,134,4142,1026.18,0.000%,9.10519,6878.55,3.41,773585.2
