Label,# Samples,Average,Median,90% Line,95% Line,99% Line,Min,Max,Error %,Throughput,Received KB/sec,Sent KB/sec
Login Page,2500,127,117,167,200,282,79,494,0.000%,18.65449,203.48,2.39
Login Credentials,2500,428,378,678,789,1083,168,2117,0.000%,18.67651,708.29,5.71
Navigate UI,2500,267,225,434,556,817,102,1329,0.000%,18.68893,351.38,8.12
AppopintRepGET,2500,788,640,1497,1770,2351,218,3462,0.000%,18.66298,1600.60,9.37
TOTAL,10000,402,295,830,1145,1874,79,3462,0.000%,74.23078,2846.69,25.43
