Label,# Samples,Average,Median,90% Line,95% Line,99% Line,Min,Max,Error %,Throughput,Received KB/sec,Sent KB/sec
Login Page,250,128,115,183,234,323,80,376,0.000%,12.98701,141.66,1.66
Login Credentials,250,310,297,424,469,577,172,612,0.000%,12.94867,491.07,3.96
Navigate UI,250,189,170,273,307,406,105,443,0.000%,13.04870,245.33,5.67
AppopintRepGET,250,435,407,642,696,823,234,871,0.000%,12.93193,1109.09,6.49
TOTAL,1000,266,243,458,550,720,80,871,0.000%,50.12280,1922.18,17.17
