Label,# Samples,Average,Median,90% Line,95% Line,99% Line,Min,Max,Error %,Throughput,Received KB/sec,Sent KB/sec
Login Page,500,206,173,337,426,625,82,890,0.000%,16.81859,183.45,2.15
Login Credentials,500,588,563,882,1049,1350,181,1759,0.000%,16.90731,641.20,5.17
Navigate UI,500,375,337,602,700,984,117,1322,0.000%,16.89246,317.60,7.34
AppopintRepGET,500,1034,1002,1652,1941,2389,246,2601,0.000%,16.81577,1442.07,8.44
TOTAL,2000,551,422,1162,1437,1948,82,2601,0.000%,65.36802,2506.71,22.39
