Label,# Samples,Average,Median,90% Line,95% Line,99% Line,Min,Max,Error %,Throughput,Received KB/sec,Sent KB/sec
Login Page,750,168,112,332,459,653,73,862,0.000%,36.11499,397.02,4.62
Login Credentials,750,615,552,1032,1187,1513,163,1596,0.000%,36.30203,1381.32,11.10
Speakers Internal APIs,750,471,439,737,832,975,123,1113,0.000%,36.54971,403.32,14.42
TOTAL,2250,418,381,817,969,1298,73,1596,0.000%,106.35281,2129.85,29.36
