Label,# Samples,Average,Median,90% Line,95% Line,99% Line,Min,Max,Error %,Throughput,Received KB/sec,Sent KB/sec
Login Page,2500,93,82,107,138,280,73,449,0.000%,28.97006,318.47,3.71
Login Credentials,2500,285,267,403,468,595,152,773,0.000%,28.99391,1103.24,8.86
Speakers Internal APIs,2500,251,233,389,440,567,116,764,0.000%,29.02252,320.26,11.45
TOTAL,7500,209,204,363,422,548,73,773,0.000%,86.50120,1732.30,23.88
