Label,# Samples,Average,Median,90% Line,95% Line,99% Line,Min,Max,Error %,Throughput,Received KB/sec,Sent KB/sec
Login Page,250,105,81,273,278,288,74,390,0.000%,17.43011,191.62,2.23
Login Credentials,250,226,227,286,299,344,158,395,0.000%,17.71291,674.00,5.41
Speakers Internal APIs,250,193,202,272,297,344,119,356,0.000%,17.81769,196.61,7.03
TOTAL,750,175,176,277,290,340,74,395,0.000%,50.99959,1021.34,14.08
